REPLACE INTO metadata VALUES('DB_MAJOR',4,'');
REPLACE INTO metadata VALUES('DB_MINOR',0,'');
REPLACE INTO metadata_real VALUES('global_discount_rate',0.05000000000000000277,'Discount Rate for future costs');
REPLACE INTO metadata_real VALUES('default_loan_rate',0.05000000000000000277,'Default Loan Rate if not specified in loan_rate table');
REPLACE INTO sector_label VALUES('energy',NULL);
REPLACE INTO commodity VALUES('source','s',NULL,NULL);
REPLACE INTO commodity VALUES('demand','d',NULL,NULL);
REPLACE INTO commodity_type VALUES('p','physical commodity');
REPLACE INTO commodity_type VALUES('a','annual commodity');
REPLACE INTO commodity_type VALUES('e','emissions commodity');
REPLACE INTO commodity_type VALUES('d','demand commodity');
REPLACE INTO commodity_type VALUES('s','source commodity');
REPLACE INTO commodity_type VALUES('w','waste commodity');
REPLACE INTO commodity_type VALUES('wa','waste annual commodity');
REPLACE INTO commodity_type VALUES('wp','waste physical commodity');
REPLACE INTO cost_fixed VALUES('region',2025,'tech_ancient',1994,1.0,NULL,NULL);
REPLACE INTO cost_fixed VALUES('region',2025,'tech_old',2010,1.0,NULL,NULL);
REPLACE INTO cost_fixed VALUES('region',2030,'tech_old',2010,1.0,NULL,NULL);
REPLACE INTO cost_fixed VALUES('region',2035,'tech_old',2010,1.0,NULL,NULL);
REPLACE INTO cost_fixed VALUES('region',2040,'tech_old',2010,1.0,NULL,NULL);
REPLACE INTO cost_fixed VALUES('region',2025,'tech_current',2025,1.0,NULL,NULL);
REPLACE INTO cost_fixed VALUES('region',2030,'tech_current',2025,1.0,NULL,NULL);
REPLACE INTO cost_fixed VALUES('region',2035,'tech_current',2025,1.0,NULL,NULL);
REPLACE INTO cost_fixed VALUES('region',2040,'tech_current',2025,1.0,NULL,NULL);
REPLACE INTO cost_fixed VALUES('region',2045,'tech_current',2025,1.0,NULL,NULL);
REPLACE INTO cost_fixed VALUES('region',2050,'tech_current',2025,1.0,NULL,NULL);
REPLACE INTO cost_fixed VALUES('region',2030,'tech_future',2030,1.0,NULL,NULL);
REPLACE INTO cost_fixed VALUES('region',2035,'tech_future',2035,1.0,NULL,NULL);
REPLACE INTO cost_fixed VALUES('region',2040,'tech_future',2040,1.0,NULL,NULL);
REPLACE INTO cost_fixed VALUES('region',2045,'tech_future',2045,1.0,NULL,NULL);
REPLACE INTO cost_fixed VALUES('region',2050,'tech_future',2050,1.0,NULL,NULL);
REPLACE INTO cost_fixed VALUES('region',2035,'tech_future',2030,1.0,NULL,NULL);
REPLACE INTO cost_fixed VALUES('region',2040,'tech_future',2035,1.0,NULL,NULL);
REPLACE INTO cost_fixed VALUES('region',2045,'tech_future',2040,1.0,NULL,NULL);
REPLACE INTO cost_fixed VALUES('region',2050,'tech_future',2045,1.0,NULL,NULL);
REPLACE INTO cost_fixed VALUES('region',2040,'tech_future',2030,1.0,NULL,NULL);
REPLACE INTO cost_fixed VALUES('region',2045,'tech_future',2035,1.0,NULL,NULL);
REPLACE INTO cost_fixed VALUES('region',2050,'tech_future',2040,1.0,NULL,NULL);
REPLACE INTO cost_fixed VALUES('region',2045,'tech_future',2030,1.0,NULL,NULL);
REPLACE INTO cost_fixed VALUES('region',2050,'tech_future',2035,1.0,NULL,NULL);
REPLACE INTO cost_fixed VALUES('region',2050,'tech_future',2030,1.0,NULL,NULL);
REPLACE INTO cost_invest VALUES('region','tech_current',2025,1.0,NULL,NULL);
REPLACE INTO cost_invest VALUES('region','tech_future',2030,1.0,NULL,NULL);
REPLACE INTO cost_invest VALUES('region','tech_future',2035,1.0,NULL,NULL);
REPLACE INTO cost_invest VALUES('region','tech_future',2040,1.0,NULL,NULL);
REPLACE INTO cost_invest VALUES('region','tech_future',2045,1.0,NULL,NULL);
REPLACE INTO cost_invest VALUES('region','tech_future',2050,1.0,NULL,NULL);
REPLACE INTO cost_variable VALUES('region',2025,'tech_ancient',1994,1.0,NULL,NULL);
REPLACE INTO cost_variable VALUES('region',2025,'tech_old',2010,1.0,NULL,NULL);
REPLACE INTO cost_variable VALUES('region',2030,'tech_old',2010,1.0,NULL,NULL);
REPLACE INTO cost_variable VALUES('region',2035,'tech_old',2010,1.0,NULL,NULL);
REPLACE INTO cost_variable VALUES('region',2040,'tech_old',2010,1.0,NULL,NULL);
REPLACE INTO cost_variable VALUES('region',2025,'tech_current',2025,1.0,NULL,NULL);
REPLACE INTO cost_variable VALUES('region',2030,'tech_current',2025,1.0,NULL,NULL);
REPLACE INTO cost_variable VALUES('region',2035,'tech_current',2025,1.0,NULL,NULL);
REPLACE INTO cost_variable VALUES('region',2040,'tech_current',2025,1.0,NULL,NULL);
REPLACE INTO cost_variable VALUES('region',2045,'tech_current',2025,1.0,NULL,NULL);
REPLACE INTO cost_variable VALUES('region',2050,'tech_current',2025,1.0,NULL,NULL);
REPLACE INTO cost_variable VALUES('region',2030,'tech_future',2030,1.0,NULL,NULL);
REPLACE INTO cost_variable VALUES('region',2035,'tech_future',2035,1.0,NULL,NULL);
REPLACE INTO cost_variable VALUES('region',2040,'tech_future',2040,1.0,NULL,NULL);
REPLACE INTO cost_variable VALUES('region',2045,'tech_future',2045,1.0,NULL,NULL);
REPLACE INTO cost_variable VALUES('region',2050,'tech_future',2050,1.0,NULL,NULL);
REPLACE INTO cost_variable VALUES('region',2035,'tech_future',2030,1.0,NULL,NULL);
REPLACE INTO cost_variable VALUES('region',2040,'tech_future',2035,1.0,NULL,NULL);
REPLACE INTO cost_variable VALUES('region',2045,'tech_future',2040,1.0,NULL,NULL);
REPLACE INTO cost_variable VALUES('region',2050,'tech_future',2045,1.0,NULL,NULL);
REPLACE INTO cost_variable VALUES('region',2040,'tech_future',2030,1.0,NULL,NULL);
REPLACE INTO cost_variable VALUES('region',2045,'tech_future',2035,1.0,NULL,NULL);
REPLACE INTO cost_variable VALUES('region',2050,'tech_future',2040,1.0,NULL,NULL);
REPLACE INTO cost_variable VALUES('region',2045,'tech_future',2030,1.0,NULL,NULL);
REPLACE INTO cost_variable VALUES('region',2050,'tech_future',2035,1.0,NULL,NULL);
REPLACE INTO cost_variable VALUES('region',2050,'tech_future',2030,1.0,NULL,NULL);
REPLACE INTO demand VALUES('region',2025,'demand',1.0,NULL,NULL);
REPLACE INTO demand VALUES('region',2030,'demand',1.0,NULL,NULL);
REPLACE INTO demand VALUES('region',2035,'demand',1.0,NULL,NULL);
REPLACE INTO demand VALUES('region',2040,'demand',1.0,NULL,NULL);
REPLACE INTO demand VALUES('region',2045,'demand',1.0,NULL,NULL);
REPLACE INTO demand VALUES('region',2050,'demand',1.0,NULL,NULL);
REPLACE INTO efficiency VALUES('region','source','tech_old',2010,'demand',1.0,NULL,NULL);
REPLACE INTO efficiency VALUES('region','source','tech_current',2025,'demand',1.0,NULL,NULL);
REPLACE INTO efficiency VALUES('region','source','tech_future',2030,'demand',1.0,NULL,NULL);
REPLACE INTO efficiency VALUES('region','source','tech_future',2035,'demand',1.0,NULL,NULL);
REPLACE INTO efficiency VALUES('region','source','tech_future',2040,'demand',1.0,NULL,NULL);
REPLACE INTO efficiency VALUES('region','source','tech_future',2045,'demand',1.0,NULL,NULL);
REPLACE INTO efficiency VALUES('region','source','tech_future',2050,'demand',1.0,NULL,NULL);
REPLACE INTO efficiency VALUES('region','source','tech_ancient',1994,'demand',1.0,NULL,NULL);
REPLACE INTO efficiency VALUES('region','source','tech_retire',2010,'demand',1.0,NULL,NULL);
REPLACE INTO existing_capacity VALUES('region','tech_ancient',1990,3.0,NULL,NULL);
REPLACE INTO existing_capacity VALUES('region','tech_old',2010,0.6999999999999999556,NULL,NULL);
REPLACE INTO existing_capacity VALUES('region','tech_ancient',1994,3.0,NULL,NULL);
REPLACE INTO existing_capacity VALUES('region','tech_retire',2010,1.0,NULL,NULL);
REPLACE INTO lifetime_tech VALUES('region','tech_ancient',35.0,NULL,NULL);
REPLACE INTO lifetime_tech VALUES('region','tech_old',35.0,NULL,NULL);
REPLACE INTO lifetime_tech VALUES('region','tech_current',35.0,NULL,NULL);
REPLACE INTO lifetime_tech VALUES('region','tech_future',35.0,NULL,NULL);
REPLACE INTO lifetime_tech VALUES('region','tech_retire',35.0,NULL,NULL);
REPLACE INTO operator VALUES('e','equal to');
REPLACE INTO operator VALUES('le','less than or equal to');
REPLACE INTO operator VALUES('ge','greater than or equal to');
REPLACE INTO limit_growth_capacity VALUES('region','tech_ancient','le',1.0,1.0,NULL,NULL);
REPLACE INTO limit_growth_capacity VALUES('region','tech_old','le',1.0,1.0,NULL,NULL);
REPLACE INTO limit_growth_capacity VALUES('region','tech_current','le',1.0,1.0,NULL,NULL);
REPLACE INTO limit_growth_capacity VALUES('region','tech_future','le',1.0,1.0,NULL,NULL);
REPLACE INTO limit_degrowth_capacity VALUES('region','tech_ancient','le',1.0,2.0,NULL,NULL);
REPLACE INTO limit_degrowth_capacity VALUES('region','tech_old','le',1.0,1.0,NULL,NULL);
REPLACE INTO limit_degrowth_capacity VALUES('region','tech_current','le',1.0,1.0,NULL,NULL);
REPLACE INTO limit_degrowth_capacity VALUES('region','tech_future','le',1.0,1.0,NULL,NULL);
REPLACE INTO limit_growth_new_capacity VALUES('region','tech_ancient','le',1.0,1.0,NULL,NULL);
REPLACE INTO limit_growth_new_capacity VALUES('region','tech_old','le',1.0,1.0,NULL,NULL);
REPLACE INTO limit_growth_new_capacity VALUES('region','tech_current','le',1.0,1.0,NULL,NULL);
REPLACE INTO limit_growth_new_capacity VALUES('region','tech_future','le',1.0,1.0,NULL,NULL);
REPLACE INTO limit_degrowth_new_capacity VALUES('region','tech_ancient','le',1.0,1.0,NULL,NULL);
REPLACE INTO limit_degrowth_new_capacity VALUES('region','tech_old','le',1.0,1.0,NULL,NULL);
REPLACE INTO limit_degrowth_new_capacity VALUES('region','tech_current','le',1.0,1.0,NULL,NULL);
REPLACE INTO limit_degrowth_new_capacity VALUES('region','tech_future','le',1.0,1.0,NULL,NULL);
REPLACE INTO limit_growth_new_capacity_delta VALUES('region','tech_ancient','le',0.0,2.0,NULL,NULL);
REPLACE INTO limit_growth_new_capacity_delta VALUES('region','tech_old','le',0.0,2.0,NULL,NULL);
REPLACE INTO limit_growth_new_capacity_delta VALUES('region','tech_current','le',0.0,2.0,NULL,NULL);
REPLACE INTO limit_growth_new_capacity_delta VALUES('region','tech_future','le',0.0,2.0,NULL,NULL);
REPLACE INTO limit_degrowth_new_capacity_delta VALUES('region','tech_ancient','le',0.0,2.0,NULL,NULL);
REPLACE INTO limit_degrowth_new_capacity_delta VALUES('region','tech_old','le',0.0,2.0,NULL,NULL);
REPLACE INTO limit_degrowth_new_capacity_delta VALUES('region','tech_current','le',0.0,2.0,NULL,NULL);
REPLACE INTO limit_degrowth_new_capacity_delta VALUES('region','tech_future','le',0.0,2.0,NULL,NULL);
REPLACE INTO limit_activity VALUES('region',2025,'tech_ancient','e',0.04800000000000000099,NULL,NULL);
REPLACE INTO limit_activity VALUES('region',2025,'tech_current','e',0.6520000000000000239,NULL,NULL);
REPLACE INTO limit_activity VALUES('region',2030,'tech_current','e',0.5823319839999999692,NULL,NULL);
REPLACE INTO limit_activity VALUES('region',2035,'tech_current','e',0.4500000000000000111,NULL,NULL);
REPLACE INTO limit_activity VALUES('region',2040,'tech_current','e',0.25,NULL,NULL);
REPLACE INTO limit_activity VALUES('region',2030,'tech_future','e',0.2964180160000000063,NULL,NULL);
REPLACE INTO limit_activity VALUES('region',2035,'tech_future','e',0.5100000000000000088,NULL,NULL);
REPLACE INTO limit_activity VALUES('region',2040,'tech_future','e',0.7349999999999999867,NULL,NULL);
REPLACE INTO limit_activity VALUES('region',2045,'tech_future','e',1.0,NULL,NULL);
REPLACE INTO limit_activity VALUES('region',2050,'tech_future','e',1.0,NULL,NULL);
REPLACE INTO limit_activity VALUES('region',2025,'tech_old','e',0.2999910000000000076,NULL,NULL);
REPLACE INTO limit_activity VALUES('region',2030,'tech_old','e',0.1212499999999999967,NULL,NULL);
REPLACE INTO limit_activity VALUES('region',2035,'tech_old','e',0.04000000000000000083,NULL,NULL);
REPLACE INTO limit_activity VALUES('region',2040,'tech_old','e',0.01499999999999999945,NULL,NULL);
REPLACE INTO limit_capacity VALUES('region',2025,'tech_ancient','e',0.04800000000000000099,NULL,NULL);
REPLACE INTO limit_capacity VALUES('region',2025,'tech_current','e',0.6520000000000000239,NULL,NULL);
REPLACE INTO limit_capacity VALUES('region',2030,'tech_current','e',0.5823319839999999692,NULL,NULL);
REPLACE INTO limit_capacity VALUES('region',2035,'tech_current','e',0.4500000000000000111,NULL,NULL);
REPLACE INTO limit_capacity VALUES('region',2040,'tech_current','e',0.25,NULL,NULL);
REPLACE INTO limit_capacity VALUES('region',2045,'tech_current','e',0.0,NULL,NULL);
REPLACE INTO limit_capacity VALUES('region',2050,'tech_current','e',0.0,NULL,NULL);
REPLACE INTO limit_capacity VALUES('region',2030,'tech_future','e',0.2964180160000000063,NULL,NULL);
REPLACE INTO limit_capacity VALUES('region',2035,'tech_future','e',0.5100000000000000088,NULL,NULL);
REPLACE INTO limit_capacity VALUES('region',2040,'tech_future','e',0.7349999999999999867,NULL,NULL);
REPLACE INTO limit_capacity VALUES('region',2045,'tech_future','e',1.0,NULL,NULL);
REPLACE INTO limit_capacity VALUES('region',2050,'tech_future','e',1.0,NULL,NULL);
REPLACE INTO limit_capacity VALUES('region',2025,'tech_old','e',0.2999999999999999889,NULL,NULL);
REPLACE INTO limit_capacity VALUES('region',2025,'tech_retire','e',9.000000000000000228e-06,NULL,NULL);
REPLACE INTO limit_capacity VALUES('region',2030,'tech_old','e',0.1212499999999999967,NULL,NULL);
REPLACE INTO limit_capacity VALUES('region',2035,'tech_old','e',0.04000000000000000083,NULL,NULL);
REPLACE INTO limit_capacity VALUES('region',2040,'tech_old','e',0.01499999999999999945,NULL,NULL);
REPLACE INTO limit_new_capacity VALUES('region','tech_current',2025,'e',0.659919028340081093,NULL,NULL);
REPLACE INTO limit_new_capacity VALUES('region','tech_future',2030,'e',0.3000182348178138114,NULL,NULL);
REPLACE INTO limit_new_capacity VALUES('region','tech_future',2035,'e',0.232573854939435165,NULL,NULL);
REPLACE INTO limit_new_capacity VALUES('region','tech_future',2040,'e',0.2884229446031822408,NULL,NULL);
REPLACE INTO limit_new_capacity VALUES('region','tech_future',2045,'e',0.4110596210476472612,NULL,NULL);
REPLACE INTO limit_new_capacity VALUES('region','tech_future',2050,'e',0.2251165192346591404,NULL,NULL);
REPLACE INTO region VALUES('region',NULL);
REPLACE INTO lifetime_survival_curve VALUES('region',1990,'tech_ancient',1990,1.0,NULL);
REPLACE INTO lifetime_survival_curve VALUES('region',2025,'tech_ancient',1990,0.0,NULL);
REPLACE INTO lifetime_survival_curve VALUES('region',2010,'tech_old',2010,1.0,NULL);
REPLACE INTO lifetime_survival_curve VALUES('region',2015,'tech_old',2010,0.969999999999999974,NULL);
REPLACE INTO lifetime_survival_curve VALUES('region',2020,'tech_old',2010,0.8800000000000001154,NULL);
REPLACE INTO lifetime_survival_curve VALUES('region',2025,'tech_old',2010,0.6199999999999999956,NULL);
REPLACE INTO lifetime_survival_curve VALUES('region',2030,'tech_old',2010,0.2700000000000000177,NULL);
REPLACE INTO lifetime_survival_curve VALUES('region',2035,'tech_old',2010,0.08000000000000000166,NULL);
REPLACE INTO lifetime_survival_curve VALUES('region',2045,'tech_old',2010,0.0,NULL);
REPLACE INTO lifetime_survival_curve VALUES('region',2025,'tech_current',2025,1.0,NULL);
REPLACE INTO lifetime_survival_curve VALUES('region',2030,'tech_current',2025,0.969999999999999974,NULL);
REPLACE INTO lifetime_survival_curve VALUES('region',2035,'tech_current',2025,0.8800000000000001154,NULL);
REPLACE INTO lifetime_survival_curve VALUES('region',2040,'tech_current',2025,0.6199999999999999956,NULL);
REPLACE INTO lifetime_survival_curve VALUES('region',2045,'tech_current',2025,0.2700000000000000177,NULL);
REPLACE INTO lifetime_survival_curve VALUES('region',2050,'tech_current',2025,0.08000000000000000166,NULL);
REPLACE INTO lifetime_survival_curve VALUES('region',2060,'tech_current',2025,0.0,NULL);
REPLACE INTO lifetime_survival_curve VALUES('region',2030,'tech_future',2030,1.0,NULL);
REPLACE INTO lifetime_survival_curve VALUES('region',2035,'tech_future',2030,0.969999999999999974,NULL);
REPLACE INTO lifetime_survival_curve VALUES('region',2040,'tech_future',2030,0.8800000000000001154,NULL);
REPLACE INTO lifetime_survival_curve VALUES('region',2045,'tech_future',2030,0.6199999999999999956,NULL);
REPLACE INTO lifetime_survival_curve VALUES('region',2050,'tech_future',2030,0.2700000000000000177,NULL);
REPLACE INTO lifetime_survival_curve VALUES('region',2055,'tech_future',2030,0.08000000000000000166,NULL);
REPLACE INTO lifetime_survival_curve VALUES('region',2065,'tech_future',2030,0.0,NULL);
REPLACE INTO lifetime_survival_curve VALUES('region',2035,'tech_future',2035,1.0,NULL);
REPLACE INTO lifetime_survival_curve VALUES('region',2040,'tech_future',2035,0.969999999999999974,NULL);
REPLACE INTO lifetime_survival_curve VALUES('region',2045,'tech_future',2035,0.8800000000000001154,NULL);
REPLACE INTO lifetime_survival_curve VALUES('region',2050,'tech_future',2035,0.6199999999999999956,NULL);
REPLACE INTO lifetime_survival_curve VALUES('region',2055,'tech_future',2035,0.2700000000000000177,NULL);
REPLACE INTO lifetime_survival_curve VALUES('region',2060,'tech_future',2035,0.08000000000000000166,NULL);
REPLACE INTO lifetime_survival_curve VALUES('region',2070,'tech_future',2035,0.0,NULL);
REPLACE INTO lifetime_survival_curve VALUES('region',2040,'tech_future',2040,1.0,NULL);
REPLACE INTO lifetime_survival_curve VALUES('region',2045,'tech_future',2040,0.969999999999999974,NULL);
REPLACE INTO lifetime_survival_curve VALUES('region',2050,'tech_future',2040,0.8800000000000001154,NULL);
REPLACE INTO lifetime_survival_curve VALUES('region',2055,'tech_future',2040,0.6199999999999999956,NULL);
REPLACE INTO lifetime_survival_curve VALUES('region',2060,'tech_future',2040,0.2700000000000000177,NULL);
REPLACE INTO lifetime_survival_curve VALUES('region',2065,'tech_future',2040,0.08000000000000000166,NULL);
REPLACE INTO lifetime_survival_curve VALUES('region',2075,'tech_future',2040,0.0,NULL);
REPLACE INTO lifetime_survival_curve VALUES('region',2045,'tech_future',2045,1.0,NULL);
REPLACE INTO lifetime_survival_curve VALUES('region',2050,'tech_future',2045,0.969999999999999974,NULL);
REPLACE INTO lifetime_survival_curve VALUES('region',2055,'tech_future',2045,0.8800000000000001154,NULL);
REPLACE INTO lifetime_survival_curve VALUES('region',2060,'tech_future',2045,0.6199999999999999956,NULL);
REPLACE INTO lifetime_survival_curve VALUES('region',2065,'tech_future',2045,0.2700000000000000177,NULL);
REPLACE INTO lifetime_survival_curve VALUES('region',2070,'tech_future',2045,0.08000000000000000166,NULL);
REPLACE INTO lifetime_survival_curve VALUES('region',2080,'tech_future',2045,0.0,NULL);
REPLACE INTO lifetime_survival_curve VALUES('region',2050,'tech_future',2050,1.0,NULL);
REPLACE INTO lifetime_survival_curve VALUES('region',2055,'tech_future',2050,0.969999999999999974,NULL);
REPLACE INTO lifetime_survival_curve VALUES('region',2060,'tech_future',2050,0.8800000000000001154,NULL);
REPLACE INTO lifetime_survival_curve VALUES('region',2065,'tech_future',2050,0.6199999999999999956,NULL);
REPLACE INTO lifetime_survival_curve VALUES('region',2070,'tech_future',2050,0.2700000000000000177,NULL);
REPLACE INTO lifetime_survival_curve VALUES('region',2075,'tech_future',2050,0.08000000000000000166,NULL);
REPLACE INTO lifetime_survival_curve VALUES('region',2085,'tech_future',2050,0.0,NULL);
REPLACE INTO lifetime_survival_curve VALUES('region',1994,'tech_ancient',1994,1.0,NULL);
REPLACE INTO lifetime_survival_curve VALUES('region',1999,'tech_ancient',1994,0.969999999999999974,NULL);
REPLACE INTO lifetime_survival_curve VALUES('region',2004,'tech_ancient',1994,0.8800000000000000044,NULL);
REPLACE INTO lifetime_survival_curve VALUES('region',2009,'tech_ancient',1994,0.6199999999999999956,NULL);
REPLACE INTO lifetime_survival_curve VALUES('region',2014,'tech_ancient',1994,0.2700000000000000177,NULL);
REPLACE INTO lifetime_survival_curve VALUES('region',2019,'tech_ancient',1994,0.08000000000000000166,NULL);
REPLACE INTO lifetime_survival_curve VALUES('region',2029,'tech_ancient',1994,0.0,NULL);
REPLACE INTO technology_type VALUES('p','production technology');
REPLACE INTO technology_type VALUES('pb','baseload production technology');
REPLACE INTO technology_type VALUES('ps','storage production technology');
REPLACE INTO time_of_day VALUES(0,'d',24.0,NULL);
REPLACE INTO time_period VALUES(-3,1990,'e');
REPLACE INTO time_period VALUES(-2,1994,'e');
REPLACE INTO time_period VALUES(-1,2010,'e');
REPLACE INTO time_period VALUES(0,2025,'f');
REPLACE INTO time_period VALUES(1,2030,'f');
REPLACE INTO time_period VALUES(2,2035,'f');
REPLACE INTO time_period VALUES(3,2040,'f');
REPLACE INTO time_period VALUES(4,2045,'f');
REPLACE INTO time_period VALUES(5,2050,'f');
REPLACE INTO time_period VALUES(6,2055,'f');
REPLACE INTO time_period_type VALUES('e','existing vintages');
REPLACE INTO time_period_type VALUES('f','future');
REPLACE INTO technology VALUES('tech_ancient','p','energy',NULL,NULL,0,0,0,0,1,0,0,0,NULL);
REPLACE INTO technology VALUES('tech_old','p','energy',NULL,NULL,0,0,0,0,1,0,0,0,NULL);
REPLACE INTO technology VALUES('tech_current','p','energy',NULL,NULL,0,0,0,0,1,0,0,0,NULL);
REPLACE INTO technology VALUES('tech_future','p','energy',NULL,NULL,0,0,0,0,1,0,0,0,NULL);
REPLACE INTO technology VALUES('tech_retire','p','energy',NULL,NULL,0,0,0,0,1,0,0,0,NULL);
REPLACE INTO time_season VALUES(0,'s',1.0,NULL);
REPLACE INTO commodity VALUES('demand_dc','d',NULL,NULL);
REPLACE INTO commodity VALUES('demand_dnc','d',NULL,NULL);
REPLACE INTO technology VALUES('tech_discrete_cap','p','energy',NULL,NULL,0,0,0,0,1,0,0,0,NULL);
REPLACE INTO technology VALUES('tech_dc_dummy','p','energy',NULL,NULL,1,0,0,0,0,0,0,0,NULL);
REPLACE INTO technology VALUES('tech_discrete_new_cap','p','energy',NULL,NULL,0,0,0,0,1,0,0,0,NULL);
REPLACE INTO technology VALUES('tech_dnc_dummy','p','energy',NULL,NULL,1,0,0,0,0,0,0,0,NULL);
REPLACE INTO lifetime_tech VALUES('region','tech_discrete_cap',35.0,NULL,NULL);
REPLACE INTO lifetime_tech VALUES('region','tech_dc_dummy',35.0,NULL,NULL);
REPLACE INTO lifetime_tech VALUES('region','tech_discrete_new_cap',5.0,NULL,NULL);
REPLACE INTO lifetime_tech VALUES('region','tech_dnc_dummy',35.0,NULL,NULL);
REPLACE INTO loan_rate VALUES('region','tech_discrete_new_cap',2025,0.0,NULL);
REPLACE INTO loan_rate VALUES('region','tech_discrete_new_cap',2030,0.0,NULL);
REPLACE INTO loan_rate VALUES('region','tech_discrete_new_cap',2035,0.0,NULL);
REPLACE INTO loan_rate VALUES('region','tech_discrete_new_cap',2040,0.0,NULL);
REPLACE INTO loan_rate VALUES('region','tech_discrete_new_cap',2045,0.0,NULL);
REPLACE INTO loan_rate VALUES('region','tech_discrete_new_cap',2050,0.0,NULL);
REPLACE INTO efficiency VALUES('region','source','tech_discrete_cap',2025,'demand_dc',1.0,NULL,NULL);
REPLACE INTO efficiency VALUES('region','source','tech_dc_dummy',2025,'demand_dc',1.0,NULL,NULL);
REPLACE INTO efficiency VALUES('region','source','tech_discrete_new_cap',2025,'demand_dnc',1.0,NULL,NULL);
REPLACE INTO efficiency VALUES('region','source','tech_discrete_new_cap',2030,'demand_dnc',1.0,NULL,NULL);
REPLACE INTO efficiency VALUES('region','source','tech_discrete_new_cap',2035,'demand_dnc',1.0,NULL,NULL);
REPLACE INTO efficiency VALUES('region','source','tech_discrete_new_cap',2040,'demand_dnc',1.0,NULL,NULL);
REPLACE INTO efficiency VALUES('region','source','tech_discrete_new_cap',2045,'demand_dnc',1.0,NULL,NULL);
REPLACE INTO efficiency VALUES('region','source','tech_discrete_new_cap',2050,'demand_dnc',1.0,NULL,NULL);
REPLACE INTO efficiency VALUES('region','source','tech_dnc_dummy',2025,'demand_dnc',1.0,NULL,NULL);
REPLACE INTO demand VALUES('region',2025,'demand_dc',2.0,NULL,NULL);
REPLACE INTO demand VALUES('region',2030,'demand_dc',2.0,NULL,NULL);
REPLACE INTO demand VALUES('region',2035,'demand_dc',2.0,NULL,NULL);
REPLACE INTO demand VALUES('region',2040,'demand_dc',2.0,NULL,NULL);
REPLACE INTO demand VALUES('region',2045,'demand_dc',2.0,NULL,NULL);
REPLACE INTO demand VALUES('region',2050,'demand_dc',2.0,NULL,NULL);
REPLACE INTO demand VALUES('region',2025,'demand_dnc',1.0,NULL,NULL);
REPLACE INTO demand VALUES('region',2030,'demand_dnc',1.0,NULL,NULL);
REPLACE INTO demand VALUES('region',2035,'demand_dnc',1.0,NULL,NULL);
REPLACE INTO demand VALUES('region',2040,'demand_dnc',1.0,NULL,NULL);
REPLACE INTO demand VALUES('region',2045,'demand_dnc',1.0,NULL,NULL);
REPLACE INTO demand VALUES('region',2050,'demand_dnc',1.0,NULL,NULL);
REPLACE INTO cost_variable VALUES('region',2025,'tech_dc_dummy',2025,10.0,NULL,NULL);
REPLACE INTO cost_variable VALUES('region',2030,'tech_dc_dummy',2025,10.0,NULL,NULL);
REPLACE INTO cost_variable VALUES('region',2035,'tech_dc_dummy',2025,10.0,NULL,NULL);
REPLACE INTO cost_variable VALUES('region',2040,'tech_dc_dummy',2025,10.0,NULL,NULL);
REPLACE INTO cost_variable VALUES('region',2045,'tech_dc_dummy',2025,10.0,NULL,NULL);
REPLACE INTO cost_variable VALUES('region',2050,'tech_dc_dummy',2025,10.0,NULL,NULL);
REPLACE INTO cost_variable VALUES('region',2025,'tech_dnc_dummy',2025,10.0,NULL,NULL);
REPLACE INTO cost_variable VALUES('region',2030,'tech_dnc_dummy',2025,10.0,NULL,NULL);
REPLACE INTO cost_variable VALUES('region',2035,'tech_dnc_dummy',2025,10.0,NULL,NULL);
REPLACE INTO cost_variable VALUES('region',2040,'tech_dnc_dummy',2025,10.0,NULL,NULL);
REPLACE INTO cost_variable VALUES('region',2045,'tech_dnc_dummy',2025,10.0,NULL,NULL);
REPLACE INTO cost_variable VALUES('region',2050,'tech_dnc_dummy',2025,10.0,NULL,NULL);
REPLACE INTO lifetime_survival_curve VALUES('region',2025,'tech_discrete_cap',2025,1.0,NULL);
REPLACE INTO lifetime_survival_curve VALUES('region',2030,'tech_discrete_cap',2025,0.8,NULL);
REPLACE INTO lifetime_survival_curve VALUES('region',2035,'tech_discrete_cap',2025,0.6,NULL);
REPLACE INTO lifetime_survival_curve VALUES('region',2040,'tech_discrete_cap',2025,0.4,NULL);
REPLACE INTO lifetime_survival_curve VALUES('region',2045,'tech_discrete_cap',2025,0.2,NULL);
REPLACE INTO lifetime_survival_curve VALUES('region',2060,'tech_discrete_cap',2025,0.0,NULL);
REPLACE INTO lifetime_survival_curve VALUES('region',2025,'tech_discrete_new_cap',2025,1.0,NULL);
REPLACE INTO lifetime_survival_curve VALUES('region',2030,'tech_discrete_new_cap',2025,0.0,NULL);
REPLACE INTO lifetime_survival_curve VALUES('region',2030,'tech_discrete_new_cap',2030,1.0,NULL);
REPLACE INTO lifetime_survival_curve VALUES('region',2035,'tech_discrete_new_cap',2030,0.0,NULL);
REPLACE INTO lifetime_survival_curve VALUES('region',2035,'tech_discrete_new_cap',2035,1.0,NULL);
REPLACE INTO lifetime_survival_curve VALUES('region',2040,'tech_discrete_new_cap',2035,0.0,NULL);
REPLACE INTO lifetime_survival_curve VALUES('region',2040,'tech_discrete_new_cap',2040,1.0,NULL);
REPLACE INTO lifetime_survival_curve VALUES('region',2045,'tech_discrete_new_cap',2040,0.0,NULL);
REPLACE INTO lifetime_survival_curve VALUES('region',2045,'tech_discrete_new_cap',2045,1.0,NULL);
REPLACE INTO lifetime_survival_curve VALUES('region',2050,'tech_discrete_new_cap',2045,0.0,NULL);
REPLACE INTO lifetime_survival_curve VALUES('region',2050,'tech_discrete_new_cap',2050,1.0,NULL);
REPLACE INTO lifetime_survival_curve VALUES('region',2055,'tech_discrete_new_cap',2050,0.0,NULL);
REPLACE INTO limit_discrete_capacity VALUES('region','tech_discrete_cap',0.2,NULL,NULL);
REPLACE INTO limit_discrete_new_capacity VALUES('region','tech_discrete_new_cap',0.2,NULL,NULL);
REPLACE INTO cost_invest_eos VALUES('region','tech_discrete_new_cap',1,0.0,0.5,0.0,1.0,NULL,NULL);
REPLACE INTO cost_invest_eos VALUES('region','tech_discrete_new_cap',2,0.5,2.0,1.0,2.5,NULL,NULL);
REPLACE INTO cost_fixed_eos VALUES('region',2025,'tech_discrete_cap',1,0.0,0.5,0.0,1.0,NULL,NULL);
REPLACE INTO cost_fixed_eos VALUES('region',2025,'tech_discrete_cap',2,0.5,2.0,1.0,2.5,NULL,NULL);
REPLACE INTO cost_fixed_eos VALUES('region',2030,'tech_discrete_cap',1,0.0,0.5,0.0,1.0,NULL,NULL);
REPLACE INTO cost_fixed_eos VALUES('region',2030,'tech_discrete_cap',2,0.5,2.0,1.0,2.5,NULL,NULL);
REPLACE INTO cost_fixed_eos VALUES('region',2035,'tech_discrete_cap',1,0.0,0.5,0.0,1.0,NULL,NULL);
REPLACE INTO cost_fixed_eos VALUES('region',2035,'tech_discrete_cap',2,0.5,2.0,1.0,2.5,NULL,NULL);
REPLACE INTO cost_fixed_eos VALUES('region',2040,'tech_discrete_cap',1,0.0,0.5,0.0,1.0,NULL,NULL);
REPLACE INTO cost_fixed_eos VALUES('region',2040,'tech_discrete_cap',2,0.5,2.0,1.0,2.5,NULL,NULL);
REPLACE INTO cost_fixed_eos VALUES('region',2045,'tech_discrete_cap',1,0.0,0.5,0.0,1.0,NULL,NULL);
REPLACE INTO cost_fixed_eos VALUES('region',2045,'tech_discrete_cap',2,0.5,2.0,1.0,2.5,NULL,NULL);
REPLACE INTO cost_fixed_eos VALUES('region',2050,'tech_discrete_cap',1,0.0,0.5,0.0,1.0,NULL,NULL);
REPLACE INTO cost_fixed_eos VALUES('region',2050,'tech_discrete_cap',2,0.5,2.0,1.0,2.5,NULL,NULL);
REPLACE INTO cost_variable_eos VALUES('region',2025,'tech_discrete_cap',1,0.0,0.5,0.0,0.75,NULL,NULL);
REPLACE INTO cost_variable_eos VALUES('region',2025,'tech_discrete_cap',2,0.5,2.0,0.75,1.5,NULL,NULL);
REPLACE INTO cost_variable_eos VALUES('region',2030,'tech_discrete_cap',1,0.0,0.5,0.0,0.75,NULL,NULL);
REPLACE INTO cost_variable_eos VALUES('region',2030,'tech_discrete_cap',2,0.5,2.0,0.75,1.5,NULL,NULL);
REPLACE INTO cost_variable_eos VALUES('region',2035,'tech_discrete_cap',1,0.0,0.5,0.0,0.75,NULL,NULL);
REPLACE INTO cost_variable_eos VALUES('region',2035,'tech_discrete_cap',2,0.5,2.0,0.75,1.5,NULL,NULL);
REPLACE INTO cost_variable_eos VALUES('region',2040,'tech_discrete_cap',1,0.0,0.5,0.0,0.75,NULL,NULL);
REPLACE INTO cost_variable_eos VALUES('region',2040,'tech_discrete_cap',2,0.5,2.0,0.75,1.5,NULL,NULL);
REPLACE INTO cost_variable_eos VALUES('region',2045,'tech_discrete_cap',1,0.0,0.5,0.0,0.75,NULL,NULL);
REPLACE INTO cost_variable_eos VALUES('region',2045,'tech_discrete_cap',2,0.5,2.0,0.75,1.5,NULL,NULL);
REPLACE INTO cost_variable_eos VALUES('region',2050,'tech_discrete_cap',1,0.0,0.5,0.0,0.75,NULL,NULL);
REPLACE INTO cost_variable_eos VALUES('region',2050,'tech_discrete_cap',2,0.5,2.0,0.75,1.5,NULL,NULL);
