REPLACE INTO metadata VALUES('DB_MAJOR',4,'DB major version number');
REPLACE INTO metadata VALUES('DB_MINOR',0,'DB minor version number');
REPLACE INTO metadata_real VALUES('global_discount_rate',0.05000000000000000277,'Discount Rate for future costs');
REPLACE INTO metadata_real VALUES('default_loan_rate',0.05000000000000000277,'Default Loan Rate if not specified in LoanRate table');
REPLACE INTO sector_label VALUES('energy',NULL);
REPLACE INTO capacity_factor_tech VALUES('region','d01','h01','uc_cheap',0.0,NULL);
REPLACE INTO capacity_factor_tech VALUES('region','d02','h12','uc_cheap',0.0,NULL);
REPLACE INTO capacity_factor_tech VALUES('region','d03','h20','uc_cheap',0.0,NULL);
REPLACE INTO capacity_factor_tech VALUES('region','d04','h24','uc_cheap',0.0,NULL);
REPLACE INTO capacity_factor_tech VALUES('region','d05','h01','uc_cheap',0.0,NULL);
REPLACE INTO capacity_factor_tech VALUES('region','d06','h22','uc_cheap',0.0,NULL);
REPLACE INTO capacity_factor_tech VALUES('region','d05','h16','uc_expensive',0.0,NULL);
REPLACE INTO capacity_factor_tech VALUES('region','d01','h16','uc_expensive',0.0,NULL);
REPLACE INTO capacity_to_activity VALUES('region','uc_cheap',168.0,NULL,NULL);
REPLACE INTO capacity_to_activity VALUES('region','uc_expensive',168.0,NULL,NULL);
REPLACE INTO commodity VALUES('source','s',NULL,NULL);
REPLACE INTO commodity VALUES('demand','d',NULL,NULL);
REPLACE INTO commodity VALUES('co2','e',NULL,NULL);
REPLACE INTO commodity VALUES('dummy','p',NULL,NULL);
REPLACE INTO commodity_type VALUES('s','source commodity');
REPLACE INTO commodity_type VALUES('a','annual commodity');
REPLACE INTO commodity_type VALUES('p','physical commodity');
REPLACE INTO commodity_type VALUES('d','demand commodity');
REPLACE INTO commodity_type VALUES('e','emissions commodity');
REPLACE INTO commodity_type VALUES('w','waste commodity');
REPLACE INTO commodity_type VALUES('wa','waste annual commodity');
REPLACE INTO commodity_type VALUES('wp','waste physical commodity');
REPLACE INTO cost_emission VALUES('region',0,'co2',1.0,'$/kt',NULL);
REPLACE INTO cost_fixed VALUES('region',0,'uc_cheap',0,8.0,'$/MWy',NULL);
REPLACE INTO cost_fixed VALUES('region',0,'uc_expensive',0,10.0,'$/MWy',NULL);
REPLACE INTO cost_invest VALUES('region','uc_cheap',0,8.0,'$/MW',NULL);
REPLACE INTO cost_invest VALUES('region','uc_expensive',0,10.0,'$/MW',NULL);
REPLACE INTO cost_invest VALUES('region','daily_storage',0,5.0,'$/MW',NULL);
REPLACE INTO cost_invest VALUES('region','seasonal_storage',0,5.0,'$/MW',NULL);
REPLACE INTO cost_variable VALUES('region',0,'uc_cheap',0,8.0,'$/MWh',NULL);
REPLACE INTO cost_variable VALUES('region',0,'uc_expensive',0,10.0,'$/MWh',NULL);
REPLACE INTO demand VALUES('region',0,'demand',168.0,'MWh',NULL);
REPLACE INTO efficiency VALUES('region','source','uc_cheap',0,'dummy',1.0,'MW/MW',NULL);
REPLACE INTO efficiency VALUES('region','source','uc_expensive',0,'dummy',1.0,'MW/MW',NULL);
REPLACE INTO efficiency VALUES('region','dummy','demand_sink',0,'demand',1.0,'MW/MW',NULL);
REPLACE INTO efficiency VALUES('region','dummy','daily_storage',0,'dummy',1.0,'MW/MW',NULL);
REPLACE INTO efficiency VALUES('region','dummy','seasonal_storage',0,'dummy',1.0,'MW/MW',NULL);
REPLACE INTO lifetime_tech VALUES('region','uc_cheap',1.0,NULL,NULL);
REPLACE INTO lifetime_tech VALUES('region','uc_expensive',1.0,NULL,NULL);
REPLACE INTO operator VALUES('e','equal to');
REPLACE INTO operator VALUES('le','less than or equal to');
REPLACE INTO operator VALUES('ge','greater than or equal to');
REPLACE INTO limit_activity VALUES('region',0,'uc_expensive','ge',10.0,NULL,NULL);
REPLACE INTO limit_activity VALUES('region',0,'uc_cheap','ge',10.0,NULL,NULL);
REPLACE INTO limit_activity VALUES('region',0,'daily_storage','ge',10.0,NULL,NULL);
REPLACE INTO limit_activity VALUES('region',0,'seasonal_storage','ge',10.0,NULL,NULL);
REPLACE INTO limit_capacity VALUES('region',0,'uc_cheap','le',1.0,NULL,NULL);
REPLACE INTO limit_capacity VALUES('region',0,'uc_expensive','le',2.0,NULL,NULL);
REPLACE INTO limit_emission VALUES('global',0,'co2','le',100.0,NULL,NULL);
REPLACE INTO ramp_down_hourly VALUES('region','uc_expensive',0.5,NULL);
REPLACE INTO ramp_down_hourly VALUES('region','uc_cheap',0.5,NULL);
REPLACE INTO ramp_up_hourly VALUES('region','uc_expensive',0.5,NULL);
REPLACE INTO ramp_up_hourly VALUES('region','uc_cheap',0.5,NULL);
REPLACE INTO ramp_up_hourly VALUES('region','seasonal_storage',0.5,NULL);
REPLACE INTO ramp_up_hourly VALUES('region','daily_storage',0.5,NULL);
REPLACE INTO region VALUES('region',NULL);REPLACE INTO storage_duration VALUES('region','daily_storage',1.0,NULL);
REPLACE INTO storage_duration VALUES('region','seasonal_storage',1.0,NULL);
REPLACE INTO technology_type VALUES('p','production technology');
REPLACE INTO technology_type VALUES('pb','baseload production technology');
REPLACE INTO technology_type VALUES('ps','storage production technology');
REPLACE INTO time_of_day VALUES(1,'h01',1.0,NULL);
REPLACE INTO time_of_day VALUES(2,'h02',1.0,NULL);
REPLACE INTO time_of_day VALUES(3,'h03',1.0,NULL);
REPLACE INTO time_of_day VALUES(4,'h04',1.0,NULL);
REPLACE INTO time_of_day VALUES(5,'h05',1.0,NULL);
REPLACE INTO time_of_day VALUES(6,'h06',1.0,NULL);
REPLACE INTO time_of_day VALUES(7,'h07',1.0,NULL);
REPLACE INTO time_of_day VALUES(8,'h08',1.0,NULL);
REPLACE INTO time_of_day VALUES(9,'h09',1.0,NULL);
REPLACE INTO time_of_day VALUES(10,'h10',1.0,NULL);
REPLACE INTO time_of_day VALUES(11,'h11',1.0,NULL);
REPLACE INTO time_of_day VALUES(12,'h12',1.0,NULL);
REPLACE INTO time_of_day VALUES(13,'h13',1.0,NULL);
REPLACE INTO time_of_day VALUES(14,'h14',1.0,NULL);
REPLACE INTO time_of_day VALUES(15,'h15',1.0,NULL);
REPLACE INTO time_of_day VALUES(16,'h16',1.0,NULL);
REPLACE INTO time_of_day VALUES(17,'h17',1.0,NULL);
REPLACE INTO time_of_day VALUES(18,'h18',1.0,NULL);
REPLACE INTO time_of_day VALUES(19,'h19',1.0,NULL);
REPLACE INTO time_of_day VALUES(20,'h20',1.0,NULL);
REPLACE INTO time_of_day VALUES(21,'h21',1.0,NULL);
REPLACE INTO time_of_day VALUES(22,'h22',1.0,NULL);
REPLACE INTO time_of_day VALUES(23,'h23',1.0,NULL);
REPLACE INTO time_of_day VALUES(24,'h24',1.0,NULL);
REPLACE INTO time_period VALUES(0,0,'f');
REPLACE INTO time_period VALUES(1,1,'f');
REPLACE INTO time_period_type VALUES('e','existing vintages');
REPLACE INTO time_period_type VALUES('f','future');REPLACE INTO technology VALUES('uc_cheap','p','energy',NULL,NULL,0,0,0,0,0,0,0,0,NULL);
REPLACE INTO technology VALUES('uc_expensive','p','energy',NULL,NULL,0,0,0,0,0,0,0,0,NULL);
REPLACE INTO technology VALUES('demand_sink','p','energy',NULL,NULL,1,0,0,0,0,0,0,0,NULL);
REPLACE INTO technology VALUES('daily_storage','ps','energy',NULL,NULL,0,0,0,0,0,0,0,0,NULL);
REPLACE INTO technology VALUES('seasonal_storage','ps','energy',NULL,NULL,0,0,0,0,0,0,0,1,NULL);
REPLACE INTO time_season VALUES(1,'d01',0.1428571428571428493,'1/7');
REPLACE INTO time_season VALUES(2,'d02',0.1428571428571428493,'1/7');
REPLACE INTO time_season VALUES(3,'d03',0.1428571428571428493,'1/7');
REPLACE INTO time_season VALUES(4,'d04',0.1428571428571428493,'1/7');
REPLACE INTO time_season VALUES(5,'d05',0.1428571428571428493,'1/7');
REPLACE INTO time_season VALUES(6,'d06',0.1428571428571428493,'1/7');
REPLACE INTO time_season VALUES(7,'d07',0.1428571428571428493,'1/7');
REPLACE INTO time_season_sequential VALUES(1,'d01','d03',0.1428571428571428493,'1/7');
REPLACE INTO time_season_sequential VALUES(2,'d02','d05',0.1428571428571428493,'1/7');
REPLACE INTO time_season_sequential VALUES(3,'d03','d01',0.1428571428571428493,'1/7');
REPLACE INTO time_season_sequential VALUES(4,'d04','d07',0.1428571428571428493,'1/7');
REPLACE INTO time_season_sequential VALUES(5,'d05','d04',0.1428571428571428493,'1/7');
REPLACE INTO time_season_sequential VALUES(6,'d06','d06',0.1428571428571428493,'1/7');
REPLACE INTO time_season_sequential VALUES(7,'d07','d02',0.1428571428571428493,'1/7');
REPLACE INTO unit_commitment VALUES('region','uc_cheap',0.2000000000000000111,0.5,1.0,3,5,0,NULL,NULL);
REPLACE INTO unit_commitment VALUES('region','uc_expensive',0.2000000000000000111,0.5,1.0,2,1,1,NULL,NULL);
REPLACE INTO unit_commitment_startup_cost VALUES('region','uc_expensive',5.0,NULL,NULL);
REPLACE INTO unit_commitment_startup_cost VALUES('region','uc_cheap',4.0,NULL,NULL);
REPLACE INTO unit_commitment_startup_emissions VALUES('region','co2','uc_expensive',5.0,NULL,NULL);
REPLACE INTO unit_commitment_startup_emissions VALUES('region','co2','uc_cheap',4.0,NULL,NULL);
REPLACE INTO unit_commitment_startup_input VALUES('region','source','uc_expensive',5.0,NULL,NULL);
REPLACE INTO unit_commitment_startup_input VALUES('region','source','uc_cheap',4.0,NULL,NULL);
